Rep,Model,CR,CS,Cost_0.5,Cost_0.6,Cost_0.7,Cost_0.8,Cost_0.9,Cost_0.95
0,SQR,0.5163398692810458,1.3847863674163818,5.405641,6.771997,7.9161143,10.369048,15.670434,17.396297
0,RSQR,0.876750700280112,5.590888977050781,5.8567023,6.833283,7.868454,12.060547,23.64608,19.205353
0,MQR,0.1830065359477124,0.4894130229949951,5.433387,6.60021,8.193266,10.155045,14.060996,18.648106
0,RMQR,0.09523809523809523,0.4509252607822418,5.602631,7.0241456,8.948575,11.497423,15.968188,21.440697
0,PMQR,0.1895424836601307,0.4484682083129883,5.3867173,6.5907617,7.995987,10.089647,13.684879,17.374178
0,RPMQR,0.45938375350140054,0.9898964762687683,6.19901,7.9071417,9.5967865,12.144422,16.358315,20.920147
0,Mono,0.0,0.0,5.603568,6.4902616,7.9043417,9.892255,13.52086,16.874104
0,RMono,0.0,0.0,6.293718,7.054812,8.407,10.6450615,14.350585,18.309282
0,NCMQR,0.0,0.0,5.2335186,6.3952966,7.810661,9.736883,13.016669,16.691017
0,RNCMQR,0.0,0.0,5.1928988,6.3128414,7.73178,9.670376,12.808568,16.53753
0,Rearrangement,0.0,0.0,5.412518,6.604907,8.20139,10.15198,14.038137,18.651136
0,Isotonic,0.0,0.0,5.422589,6.6035433,8.196142,10.153037,14.049467,18.64962
1,SQR,0.45471521942110177,1.752364993095398,5.422465,6.593082,7.852898,9.772202,13.574961,18.058723
1,RSQR,0.8515406162464986,9.357490539550781,5.3162065,6.5641546,7.850172,10.119735,24.691597,17.51627
1,MQR,0.22128851540616246,0.39158621430397034,5.5001926,6.5289745,8.023241,9.96807,13.421158,17.15409
1,RMQR,0.0700280112044818,0.3828383684158325,5.245473,6.3997436,7.786172,9.84633,13.211263,16.675608
1,PMQR,0.08683473389355742,0.385013610124588,5.2804985,6.4473085,7.932828,9.955801,13.218827,16.701275
1,RPMQR,0.06162464985994398,0.22415848076343536,5.155763,6.3115683,7.6956453,9.621858,13.02704,16.350933
1,Mono,0.0,0.0,5.6551414,6.443739,7.7890954,9.761377,12.923769,16.264648
1,RMono,0.0,0.0,5.780826,6.5033083,7.7606053,9.716387,12.9887705,16.671432
1,NCMQR,0.0,0.0,5.4969134,6.687687,8.14578,10.0274725,13.248973,16.951237
1,RNCMQR,0.0,0.0,5.3945727,6.53759,7.9632244,9.801784,12.873311,16.47358
1,Rearrangement,0.0,0.0,5.460735,6.54701,8.027728,9.968626,13.419559,17.15614
1,Isotonic,0.0,0.0,5.481089,6.5350947,8.02517,9.968348,13.420357,17.155115
2,SQR,0.6050420168067226,1.5856294631958008,5.423979,6.5022297,8.307159,9.609523,13.905769,17.768612
2,RSQR,0.4444444444444444,1.3458833694458008,5.234276,6.3396297,7.7956924,9.668042,13.357742,17.86203
2,MQR,0.09337068160597572,0.3122776448726654,5.140514,6.1853704,7.6355867,9.802916,13.106866,16.822992
2,RMQR,0.021475256769374416,0.6161954998970032,5.1747093,6.342503,7.628465,9.675144,12.9221325,16.478672
2,PMQR,0.13912231559290383,0.458501935005188,5.3924804,6.467297,7.9531918,9.788431,13.308188,17.911213
2,RPMQR,0.13632119514472454,0.1763669103384018,5.3185306,6.420745,7.7595778,9.737526,12.8490505,16.454302
2,Mono,0.0,0.0,6.3976836,7.0690794,8.193956,10.170824,13.728783,17.126083
2,RMono,0.0,0.0,5.715362,6.4885964,7.8017516,9.800926,13.190321,16.874187
2,NCMQR,0.0,0.0,5.644159,6.881004,8.3195915,10.278292,13.604875,17.33293
2,RNCMQR,0.0,0.0,5.513039,6.642575,8.067774,9.954245,13.181406,17.030006
2,Rearrangement,0.0,0.0,5.1349545,6.1838303,7.639088,9.802185,13.104859,16.823488
2,Isotonic,0.0,0.0,5.1377344,6.1844497,7.637136,9.80255,13.105863,16.82324
3,SQR,0.415499533146592,1.0890206098556519,5.465621,6.5595355,8.219264,10.039063,14.360866,18.483429
3,RSQR,0.5219421101774043,1.0857939720153809,5.583199,6.538285,8.306332,10.350493,14.178569,17.480457
3,MQR,0.09523809523809523,0.31063112616539,5.242183,6.4610934,7.9636593,9.934154,13.6612215,17.330187
3,RMQR,0.07376283846872082,0.28458109498023987,5.2730036,6.419908,7.906816,9.913909,13.345742,16.835382
3,PMQR,0.06442577030812324,0.2226378321647644,5.407159,6.6235194,8.024486,10.169238,13.555975,17.257214
3,RPMQR,0.06069094304388422,0.19679321348667145,5.2206154,6.4169407,7.790709,9.808631,12.985637,16.336365
3,Mono,0.0,0.0,6.062829,6.7346444,7.9725375,10.046546,13.582906,17.768583
3,RMono,0.0,0.0,5.8120093,6.5648446,7.860812,9.72929,13.033413,16.8151
3,NCMQR,0.0,0.0,5.618204,6.7873993,8.376872,10.223673,13.518017,17.51738
3,RNCMQR,0.0,0.0,5.3798933,6.5509987,7.915306,9.815524,12.962989,16.457634
3,Rearrangement,0.0,0.0,5.2433376,6.459364,7.9613104,9.921983,13.661267,17.32922
3,Isotonic,0.0,0.0,5.242754,6.4605017,7.9626346,9.927143,13.660762,17.328825
4,SQR,0.5368814192343604,1.95929753780365,5.2872605,6.8048453,8.262596,10.356663,14.259563,17.460571
4,RSQR,0.5452847805788982,1.259840488433838,5.230568,6.5411587,8.300164,10.424252,15.161454,18.062843
4,MQR,0.05228758169934641,0.4189773201942444,5.450928,6.6321077,8.119133,10.157783,13.342488,17.139486
4,RMQR,0.028944911297852476,0.6787365674972534,5.2120404,6.3907695,7.810444,9.810366,13.203383,16.766842
4,PMQR,0.12605042016806722,0.30815452337265015,5.4120216,6.6759715,8.144433,10.302129,13.916512,17.96151
4,RPMQR,0.05322128851540616,0.288656622171402,5.3304877,6.6140056,7.9851804,10.10995,13.679694,17.188768
4,Mono,0.0,0.0,5.548384,6.4058347,7.769441,10.030659,13.661917,17.11358
4,RMono,0.0,0.0,5.501194,6.3278418,7.5589623,9.339433,12.772485,16.413088
4,NCMQR,0.0,0.0,5.4799223,6.403041,7.998335,9.816183,13.072884,16.77678
4,RNCMQR,0.0,0.0,5.261459,6.402227,7.785532,9.639763,12.890328,16.521164
4,Rearrangement,0.0,0.0,5.4504423,6.6239095,8.121385,10.163045,13.338171,17.139486
4,Isotonic,0.0,0.0,5.4506855,6.627438,8.119676,10.160256,13.340329,17.139486
5,SQR,0.5471521942110178,1.6339898109436035,5.4421573,7.011537,8.104074,10.764396,14.043342,17.718489
5,RSQR,0.3734827264239029,0.7350010871887207,5.5637927,7.147373,8.497442,11.2632885,14.505084,18.398031
5,MQR,0.035480859010270774,0.37248051166534424,5.369765,6.628808,8.347108,10.64125,13.898765,17.981627
5,RMQR,0.24649859943977592,0.6550464034080505,5.866522,7.268294,8.996639,11.255075,15.312336,19.838058
5,PMQR,0.08309990662931839,0.2274595946073532,5.4173193,6.577336,8.105748,10.175011,13.5024,16.669521
5,RPMQR,0.018674136321195144,0.5156815648078918,5.5126014,6.825565,8.460448,10.78176,14.146313,18.399168
5,Mono,0.0,0.0,5.7210755,6.6630597,8.123247,10.09588,13.920519,18.077164
5,RMono,0.0,0.0,5.7862263,6.7120266,8.279431,10.621134,14.272512,18.760376
5,NCMQR,0.0,0.0,5.493168,6.7249346,8.316772,10.415437,13.721063,17.5145
5,RNCMQR,0.0,0.0,5.333254,6.5063047,7.9650087,9.8903675,13.203259,17.027086
5,Rearrangement,0.0,0.0,5.369765,6.6260586,8.344102,10.6444025,13.899135,17.981806
5,Isotonic,0.0,0.0,5.369765,6.627434,8.345174,10.642245,13.898885,17.981714
6,SQR,0.5723622782446312,1.6975798606872559,5.375239,6.980661,8.300265,11.310035,14.230352,18.267872
6,RSQR,0.4126984126984127,1.125763177871704,5.6092353,6.724746,7.8008213,10.103765,14.199748,17.727331
6,MQR,0.30532212885154064,0.3586914837360382,5.4476233,6.5858345,8.002886,10.378305,14.0553665,18.126368
6,RMQR,0.06255835667600373,0.29829126596450806,5.2725506,6.5065317,8.074664,10.000786,13.488743,17.44934
6,PMQR,0.04108309990662932,0.24296508729457855,5.2781467,6.4217396,7.836747,9.916277,13.354137,16.5567
6,RPMQR,0.051353874883286646,0.16667146980762482,5.272585,6.4934807,8.07558,10.164762,13.837522,18.299177
6,Mono,0.0,0.0,5.5515695,6.4411254,7.765449,10.1459255,13.451203,17.406216
6,RMono,0.0,0.0,5.369634,6.2533526,7.5893307,9.450173,12.600355,16.24232
6,NCMQR,0.0,0.0,5.212497,6.3440156,7.7625813,9.698218,12.986307,16.573591
6,RNCMQR,0.0,0.0,5.2769694,6.422863,7.9046116,9.750643,12.932837,16.378712
6,Rearrangement,0.0,0.0,5.424782,6.604957,8.004639,10.353379,14.003877,18.123009
6,Isotonic,0.0,0.0,5.4350977,6.592804,8.003832,10.360071,14.033616,18.12708
7,SQR,0.24089635854341737,1.094691276550293,5.3526583,6.5322084,8.044536,10.186014,14.557444,20.003345
7,RSQR,0.48366013071895425,1.05095374584198,5.2786818,6.4296174,7.7845693,10.06039,14.062122,18.703882
7,MQR,0.08029878618113913,0.5704345107078552,5.579124,6.762616,8.135524,10.228073,13.706348,17.32854
7,RMQR,0.017740429505135387,0.07203610986471176,5.264117,6.398204,7.801491,9.642246,13.0453205,16.509829
7,PMQR,0.06069094304388422,0.23922690749168396,5.3268085,6.5052204,7.8764114,9.934901,13.305562,18.104458
7,RPMQR,0.02334267040149393,0.3248135447502136,5.295135,6.4245796,7.8286376,9.738845,13.022119,16.862772
7,Mono,0.0,0.0,6.059297,6.7844653,7.966819,10.117952,13.294797,16.611418
7,RMono,0.0,0.0,5.4777718,6.3393073,7.6411276,9.528561,12.644685,16.251787
7,NCMQR,0.0,0.0,6.799769,7.869179,9.673384,11.820427,15.477834,19.748026
7,RNCMQR,0.0,0.0,5.4361525,6.530289,8.003708,9.858497,13.0051565,16.337217
7,Rearrangement,0.0,0.0,5.5681186,6.764655,8.119928,10.251513,13.698321,17.32854
7,Isotonic,0.0,0.0,5.5741234,6.766191,8.124189,10.239818,13.702335,17.32854
8,SQR,0.776844070961718,2.3446364402770996,5.6527457,6.5680294,9.82762,10.675184,14.974842,18.76576
8,RSQR,0.6573295985060691,2.166308879852295,5.1968346,6.617055,9.31442,9.850419,13.909479,17.50617
8,MQR,0.13071895424836602,0.2996242642402649,5.169885,6.5206504,7.8658,10.174257,13.239486,16.762585
8,RMQR,0.15873015873015872,0.2294195294380188,5.306344,6.478532,7.7241464,10.029956,13.085223,16.42627
8,PMQR,0.08216619981325864,0.23297236859798431,6.2411222,7.5822535,9.394845,11.604586,15.54081,20.799238
8,RPMQR,0.003734827264239029,0.556603193283081,5.240839,6.4326363,7.8612103,9.770628,13.159964,16.675425
8,Mono,0.0,0.0,6.853167,7.7668166,9.016887,11.439054,16.335238,20.114256
8,RMono,0.0,0.0,6.0342126,6.701342,7.955647,10.003669,13.670789,17.362522
8,NCMQR,0.0,0.0,5.869323,6.8374147,8.37907,10.281961,13.577617,17.235706
8,RNCMQR,0.0,0.0,5.50672,6.673483,8.144866,10.108604,13.50746,16.939392
8,Rearrangement,0.0,0.0,5.1698775,6.515684,7.860989,10.175564,13.231621,16.773441
8,Isotonic,0.0,0.0,5.1698813,6.5179973,7.8631682,10.174886,13.235941,16.767654
9,SQR,0.5985060690943044,1.5566061735153198,5.8116055,6.6215177,8.34883,10.605782,15.035009,18.462294
9,RSQR,0.4715219421101774,1.381192922592163,5.3332033,6.3049054,7.931193,10.0640335,13.737278,18.376175
9,MQR,0.04295051353874883,0.17729271948337555,5.465302,6.593817,8.246665,10.12295,13.533409,17.574907
9,RMQR,0.0196078431372549,0.503546416759491,5.3190536,6.5156984,7.9381695,9.893782,13.351149,16.75846
9,PMQR,0.08216619981325864,0.212835893034935,5.326098,6.4860606,7.93838,9.856345,13.035194,16.732443
9,RPMQR,0.07096171802054155,0.22380715608596802,5.23215,6.420035,7.84434,9.802969,13.379417,16.939384
9,Mono,0.0,0.0,6.335656,7.0779734,8.323396,9.982211,14.175877,17.898518
9,RMono,0.0,0.0,5.486824,6.353919,7.842488,9.739084,13.104862,16.965052
9,NCMQR,0.0,0.0,6.459234,7.642862,9.157886,11.118385,14.693648,18.473703
9,RNCMQR,0.0,0.0,5.65652,6.7835393,8.207291,10.131752,13.265913,16.942694
9,Rearrangement,0.0,0.0,5.4640226,6.595038,8.245109,10.122232,13.533409,17.574907
9,Isotonic,0.0,0.0,5.464662,6.594427,8.245888,10.122591,13.533409,17.574907
10,SQR,0.2987861811391223,1.5619707107543945,5.3932962,6.536898,8.142345,10.613723,14.510705,21.231916
10,RSQR,0.49486461251167135,0.9280064702033997,5.365663,6.5181518,7.8686957,10.49556,13.853705,19.984684
10,MQR,0.05415499533146592,0.7591702938079834,5.438853,6.696826,8.405252,10.577643,14.202912,18.646963
10,RMQR,0.021475256769374416,0.658240795135498,5.3312435,6.5355935,8.070295,10.170685,13.23676,17.148575
10,PMQR,0.06069094304388422,0.24279220402240753,5.3328085,6.549694,7.933005,9.97201,13.476967,16.968634
10,RPMQR,0.008403361344537815,0.06829515844583511,5.2781663,6.528599,7.928693,9.988817,13.205732,16.807667
10,Mono,0.0,0.0,6.6870756,7.689558,9.131342,11.012526,15.840106,18.703001
10,RMono,0.0,0.0,5.69235,6.5485907,7.8796577,10.058269,13.483685,17.771915
10,NCMQR,0.0,0.0,5.602081,6.8515506,8.148595,10.116824,13.335996,17.25842
10,RNCMQR,0.0,0.0,5.4849057,6.6310973,8.06814,10.007502,13.129397,16.99002
10,Rearrangement,0.0,0.0,5.4385295,6.696231,8.401828,10.557369,14.252493,18.571848
10,Isotonic,0.0,0.0,5.438691,6.6965275,8.4062805,10.564202,14.225797,18.605614
11,SQR,0.6573295985060691,1.6466679573059082,5.3377576,7.2630744,7.825506,10.561207,14.2807,18.66604
11,RSQR,0.37628384687208216,1.3285266160964966,5.4790993,6.721389,7.869664,10.157019,14.2340555,18.784119
11,MQR,0.10644257703081232,0.2621223032474518,5.6687226,6.8452044,8.308551,10.470337,14.040986,17.931612
11,RMQR,0.12978524743230627,0.45191389322280884,5.4237065,6.5726366,8.028952,10.022828,13.576431,16.705221
11,PMQR,0.06535947712418301,0.5382031202316284,5.4368687,6.6339226,8.030747,9.988042,13.46451,16.562057
11,RPMQR,0.035480859010270774,0.21605241298675537,5.265857,6.482403,7.9550734,9.950337,13.172246,16.770561
11,Mono,0.0,0.0,6.3730903,7.1357327,8.299699,10.441282,14.618459,18.417427
11,RMono,0.0,0.0,5.994134,6.787364,8.571656,10.496624,13.881543,18.365307
11,NCMQR,0.0,0.0,5.4693995,6.589188,8.082458,9.916458,13.196493,17.239197
11,RNCMQR,0.0,0.0,5.3591566,6.5503936,7.9438853,9.82565,13.051249,16.725147
11,Rearrangement,0.0,0.0,5.6659374,6.8470654,8.3035345,10.471069,14.031821,17.931747
11,Isotonic,0.0,0.0,5.667311,6.8455896,8.304425,10.4710455,14.038563,17.931679
12,SQR,0.5779645191409897,1.6393786668777466,5.399975,6.4654403,8.054681,10.62149,14.489026,18.603651
12,RSQR,0.5742296918767507,1.6196155548095703,5.58297,6.4938054,7.961803,11.503488,14.300881,19.049946
12,MQR,0.11671335200746966,0.3543887436389923,5.3685656,6.547538,8.098287,10.16247,13.792343,17.914413
12,RMQR,0.032679738562091505,0.18067294359207153,5.690631,7.0081663,8.9139805,11.218991,15.453957,19.495329
12,PMQR,0.04108309990662932,0.26112303137779236,5.33332,6.5521708,7.9355617,9.897077,13.107585,16.906488
12,RPMQR,0.013071895424836602,0.19580993056297302,5.2829843,6.5054364,8.078656,10.056687,13.613176,17.383501
12,Mono,0.0,0.0,6.1137123,6.7830253,8.040316,10.06739,13.369643,17.282043
12,RMono,0.0,0.0,5.798201,6.646398,8.242613,10.1532,14.230915,18.874971
12,NCMQR,0.0,0.0,5.4460835,6.526406,8.031673,9.94534,13.36395,17.12583
12,RNCMQR,0.0,0.0,5.265953,6.406441,7.8372827,9.778227,13.076307,17.03201
12,Rearrangement,0.0,0.0,5.3640594,6.5486727,8.100066,10.160922,13.786476,17.896214
12,Isotonic,0.0,0.0,5.3663096,6.5480986,8.099114,10.161696,13.789464,17.905313
13,SQR,0.5256769374416433,1.7014648914337158,5.5021644,6.658281,7.751674,10.129529,13.84394,19.729916
13,RSQR,0.5602240896358543,1.5865478515625,5.4561977,6.4002476,8.055826,11.868301,14.714881,18.931797
13,MQR,0.08403361344537816,0.3027050197124481,5.3172135,6.5004773,7.86564,9.949284,13.180502,16.499857
13,RMQR,0.04668534080298786,0.18893271684646606,5.284191,6.444539,7.884865,9.868536,13.216208,16.437042
13,PMQR,0.06069094304388422,0.16360589861869812,5.411061,6.6796265,8.081974,10.134276,13.736269,16.928831
13,RPMQR,0.022408963585434174,0.24062955379486084,5.2154026,6.4336104,7.906631,9.78611,13.264153,17.237663
13,Mono,0.0,0.0,5.720063,6.5146656,7.736458,9.767241,12.848015,16.129335
13,RMono,0.0,0.0,5.657848,6.473793,7.788663,9.841939,13.156377,17.029427
13,NCMQR,0.0,0.0,5.526252,6.5884027,7.984781,9.930229,13.207201,16.393217
13,RNCMQR,0.0,0.0,5.5397363,6.5753074,8.085469,9.896541,13.240676,16.606924
13,Rearrangement,0.0,0.0,5.315273,6.4995413,7.8675146,9.942001,13.182074,16.493664
13,Isotonic,0.0,0.0,5.316243,6.499876,7.866211,9.94536,13.180956,16.496098
14,SQR,0.4584500466853408,1.6369720697402954,5.236107,6.363573,7.9268966,10.857215,14.515266,18.408367
14,RSQR,0.5452847805788982,1.1999655961990356,5.8511066,6.426741,7.814589,10.578569,14.913577,18.485413
14,MQR,0.14939309056956115,0.43414297699928284,5.36769,6.4959273,7.906309,10.054247,13.979196,18.163277
14,RMQR,0.1223155929038282,0.27442750334739685,5.210509,6.5501747,7.9715447,9.914321,13.3490505,17.014212
14,PMQR,0.05788982259570495,0.2915292978286743,5.2953663,6.5774693,8.102956,10.400522,14.197837,18.152794
14,RPMQR,0.009337068160597572,0.1295115053653717,5.274285,6.4813676,8.008379,10.017057,13.548926,17.95716
14,Mono,0.0,0.0,6.3369594,7.1538453,8.394082,10.440538,14.132044,18.618475
14,RMono,0.0,0.0,5.659685,6.5167127,8.000923,10.373768,13.996557,18.52422
14,NCMQR,0.0,0.0,5.3592854,6.595166,7.9896545,9.96904,13.206176,17.065376
14,RNCMQR,0.0,0.0,5.1972375,6.363713,7.777673,9.7380085,12.809164,16.499912
14,Rearrangement,0.0,0.0,5.3641233,6.4908805,7.8936486,10.059658,13.97715,18.165323
14,Isotonic,0.0,0.0,5.3654356,6.4934926,7.8978987,10.055675,13.978173,18.164299
15,SQR,0.44164332399626516,1.5669142007827759,5.4841413,6.6398053,8.381648,10.515205,14.58334,18.00818
15,RSQR,0.3660130718954248,1.0763533115386963,5.3909073,6.7350774,8.092468,10.706197,13.688216,17.64662
15,MQR,0.06442577030812324,0.3213261365890503,5.6107078,6.733942,8.150666,10.214667,13.81935,17.275454
15,RMQR,0.035480859010270774,0.1333148330450058,5.37623,6.4810014,7.885207,9.815711,13.168624,16.527855
15,PMQR,0.029878618113912233,0.15683767199516296,5.4669013,6.6710534,8.17736,10.421236,14.387559,17.851849
15,RPMQR,0.08216619981325864,0.23641349375247955,5.393172,6.620138,8.113731,10.230576,13.930405,17.568447
15,Mono,0.0,0.0,6.191328,7.010781,8.126748,10.16344,13.760158,17.61694
15,RMono,0.0,0.0,5.751939,6.710332,8.090603,10.291949,13.735322,17.561815
15,NCMQR,0.0,0.0,5.743472,6.933505,8.404911,10.445865,14.024854,18.02419
15,RNCMQR,0.0,0.0,5.489896,6.6694217,8.102408,10.107503,13.670961,17.645832
15,Rearrangement,0.0,0.0,5.6091504,6.7264175,8.150359,10.223313,13.81935,17.275454
15,Isotonic,0.0,0.0,5.610251,6.729814,8.150485,10.21899,13.81935,17.275454
16,SQR,0.780578898225957,2.1852054595947266,5.5735703,6.775602,8.135046,11.642044,15.004526,18.82033
16,RSQR,0.5340802987861811,1.263541579246521,5.3320746,6.5402355,8.548131,11.10002,15.470171,18.746712
16,MQR,0.11671335200746966,0.6999252438545227,5.4826713,6.661115,8.135651,10.080247,13.147889,16.573942
16,RMQR,0.058823529411764705,0.16970579326152802,5.4891424,6.703766,8.14789,10.361309,13.77047,17.361687
16,PMQR,0.11017740429505135,0.21968777477741241,5.3070188,6.640514,7.910044,9.647322,12.676116,15.861178
16,RPMQR,0.021475256769374416,0.09584663063287735,5.2715945,6.4507184,7.8108115,9.767523,12.904238,16.728731
16,Mono,0.0,0.0,5.4565225,6.636866,7.7371006,9.761738,13.083328,16.824112
16,RMono,0.0,0.0,5.5808167,6.5237384,7.8922324,9.864955,12.948722,16.637272
16,NCMQR,0.0,0.0,5.348067,6.484999,7.948357,9.892804,13.170396,17.04578
16,RNCMQR,0.0,0.0,5.3023067,6.4312124,7.830227,9.687231,12.743009,16.185343
16,Rearrangement,0.0,0.0,5.4754686,6.6668367,8.110044,10.098868,13.118704,16.603127
16,Isotonic,0.0,0.0,5.4790564,6.6640615,8.12167,10.087943,13.133297,16.588535
17,SQR,0.5527544351073763,1.5915225744247437,5.257999,6.4188185,7.823501,11.218704,13.935111,18.671722
17,RSQR,0.4631185807656396,1.673930287361145,5.2448087,6.3795886,7.9925776,12.11843,16.10486,18.804617
17,MQR,0.10830999066293184,0.23051109910011292,5.292868,6.3762608,7.817287,9.76742,13.176382,16.586472
17,RMQR,0.06816059757236227,0.42565038800239563,5.2671337,6.3997035,7.8441176,9.799962,13.303235,16.682167
17,PMQR,0.16246498599439776,0.38016313314437866,5.383855,6.5088325,7.8647094,9.881468,13.46491,17.329432
17,RPMQR,0.02707749766573296,0.09996459633111954,5.34494,6.4603744,7.907926,9.85318,13.225972,16.309132
17,Mono,0.0,0.0,5.9674683,6.6600003,7.793948,10.043231,13.253961,16.605604
17,RMono,0.0,0.0,5.8459735,6.652792,7.805393,9.780583,13.382173,17.050179
17,NCMQR,0.0,0.0,5.3218336,6.4881134,7.9357595,9.94274,13.219777,16.78176
17,RNCMQR,0.0,0.0,5.331503,6.5040154,7.9334087,9.779203,12.910866,16.356922
17,Rearrangement,0.0,0.0,5.2923193,6.3720984,7.817176,9.767013,13.174002,16.587189
17,Isotonic,0.0,0.0,5.2925935,6.374056,7.817066,9.767216,13.175191,16.58683
18,SQR,0.5359477124183006,2.044644832611084,5.30657,6.4796653,7.995717,10.126264,16.943913,18.872831
18,RSQR,0.38095238095238093,0.9674501419067383,5.191636,6.5594945,7.818889,10.307151,13.530035,17.903654
18,MQR,0.09710550887021475,0.3462409973144531,5.4366245,6.540139,8.301273,10.099137,13.431789,16.939806
18,RMQR,0.03454715219421102,0.2197439819574356,5.209799,6.437088,7.9170914,10.083379,13.124057,16.719872
18,PMQR,0.10550887021475257,0.3719460964202881,5.245088,6.409081,7.829706,9.870619,13.114319,16.784887
18,RPMQR,0.01680672268907563,0.14304029941558838,5.40085,6.5795155,8.022573,10.161134,13.640214,17.225487
18,Mono,0.0,0.0,6.372391,7.0456114,8.301254,10.4811945,14.239641,18.090885
18,RMono,0.0,0.0,5.8967857,6.7324367,7.97056,10.320514,13.549446,17.545856
18,NCMQR,0.0,0.0,6.311408,7.227446,8.809631,10.842227,14.228388,18.18984
18,RNCMQR,0.0,0.0,6.135134,7.0946074,8.590763,10.542941,14.007642,17.508068
18,Rearrangement,0.0,0.0,5.429994,6.5453477,8.287769,10.113535,13.425273,16.937153
18,Isotonic,0.0,0.0,5.4333,6.542732,8.294521,10.106352,13.427029,16.941673
19,SQR,0.5116713352007469,1.9915509223937988,5.22435,6.6951947,7.8930387,10.1110115,13.569103,19.481771
19,RSQR,0.5676937441643324,1.1679328680038452,5.3005104,6.3432584,7.8363175,10.236594,13.901625,18.306149
19,MQR,0.08496732026143791,0.2000793218612671,5.2912154,6.549793,7.899531,10.009925,13.27222,17.052069
19,RMQR,0.1830065359477124,0.509834349155426,5.2605734,6.401046,7.77269,9.822026,13.260788,16.830685
19,PMQR,0.028944911297852476,0.20326842367649078,5.397713,6.583617,8.072719,10.192987,13.962326,18.190092
19,RPMQR,0.10177404295051354,0.2895983159542084,5.2419477,6.3285365,7.6773214,9.640958,12.660051,16.322239
19,Mono,0.0,0.0,5.7261214,6.51856,7.841771,9.920155,13.29703,17.44632
19,RMono,0.0,0.0,5.9030795,6.7286453,8.021992,9.92025,13.41449,16.634119
19,NCMQR,0.0,0.0,5.451424,6.587721,8.060334,9.967923,13.289208,16.64753
19,RNCMQR,0.0,0.0,5.449546,6.61,8.070971,9.855621,13.143847,16.698338
19,Rearrangement,0.0,0.0,5.2912626,6.5455046,7.9029613,10.004535,13.270609,17.052904
19,Isotonic,0.0,0.0,5.2911963,6.5472207,7.901696,10.006836,13.271413,17.052486
20,SQR,0.3277310924369748,1.1557899713516235,5.7552133,7.278374,8.9926815,11.061943,14.80956,18.63286
20,RSQR,0.36694677871148457,1.0494710206985474,5.7557116,7.1104608,8.551661,11.30035,14.342093,18.31185
20,MQR,0.11484593837535013,0.39869996905326843,5.704245,7.0825825,8.752666,11.159409,15.365242,20.022387
20,RMQR,0.12791783380018673,0.46050652861595154,5.3315487,6.6800237,8.221235,10.670106,14.334399,18.302008
20,PMQR,0.04201680672268908,0.20033302903175354,5.5777764,6.935393,8.52725,10.869884,14.686687,19.31705
20,RPMQR,0.06722689075630252,0.22585926949977875,5.6016264,6.995111,8.515567,11.017538,15.698463,19.252693
20,Mono,0.0,0.0,5.957254,6.92713,8.47135,10.758027,15.225018,19.810751
20,RMono,0.0,0.0,5.4668703,6.5314317,8.12033,10.312215,13.86109,17.914106
20,NCMQR,0.0,0.0,5.474811,6.6827717,8.175695,10.321336,13.866502,18.340347
20,RNCMQR,0.0,0.0,5.2813296,6.495563,8.058228,10.124252,13.778011,17.724304
20,Rearrangement,0.0,0.0,5.706357,7.080472,8.747425,11.142434,15.36561,20.02136
20,Isotonic,0.0,0.0,5.7052546,7.081976,8.748607,11.1495285,15.365426,20.021875
21,SQR,0.5854341736694678,1.444170594215393,5.336514,6.474299,7.895133,11.144888,16.460659,21.777431
21,RSQR,0.6097105508870215,1.5958986282348633,5.437928,6.3036976,7.9028187,10.245098,15.29423,19.082497
21,MQR,0.05695611577964519,0.37086284160614014,5.3527217,6.6626616,8.025048,10.238043,13.547842,17.704584
21,RMQR,0.11858076563958916,0.3036354184150696,5.228414,6.4168334,7.9524903,9.811779,13.179503,16.677494
21,PMQR,0.08403361344537816,0.2655537724494934,5.255809,6.434239,7.8337417,9.77603,13.146782,16.61202
21,RPMQR,0.028011204481792718,0.1251516044139862,5.173636,6.323662,7.812556,9.698978,12.740638,16.155682
21,Mono,0.0,0.0,6.2382703,7.068249,8.174622,10.165548,13.61167,17.38862
21,RMono,0.0,0.0,6.0905385,6.818975,7.8894176,9.74475,13.069445,16.7265
21,NCMQR,0.0,0.0,5.735045,6.9330087,8.220631,10.25043,13.534807,17.228338
21,RNCMQR,0.0,0.0,5.333823,6.482434,7.995479,9.913496,13.016753,16.514784
21,Rearrangement,0.0,0.0,5.35144,6.6593175,8.022587,10.24176,13.550658,17.697199
21,Isotonic,0.0,0.0,5.351818,6.660359,8.023054,10.239757,13.549247,17.700893
22,SQR,0.4584500466853408,2.1569879055023193,5.641139,6.7211986,7.9817624,10.48338,14.731711,20.324142
22,RSQR,0.5704948646125116,1.2318202257156372,5.311147,6.703802,7.912983,10.337446,14.360071,17.850973
22,MQR,0.2791783380018674,0.42585238814353943,5.47467,6.7097445,8.073595,10.355608,14.125601,18.038172
22,RMQR,0.27170868347338933,0.338794082403183,5.6016865,6.8102856,8.473551,10.676838,14.400751,18.316565
22,PMQR,0.06442577030812324,0.22275623679161072,5.3912377,6.699109,8.145973,10.295172,13.912,18.330769
22,RPMQR,0.06535947712418301,0.3264850676059723,5.289607,6.3969283,7.9161716,9.83794,13.230656,16.76606
22,Mono,0.0,0.0,5.691628,6.549952,7.888961,10.099072,13.278309,17.415318
22,RMono,0.0,0.0,5.772474,6.620507,7.950939,9.963093,13.338083,17.057314
22,NCMQR,0.0,0.0,5.518807,6.737973,8.074312,10.031439,13.228677,16.94347
22,RNCMQR,0.0,0.0,5.277577,6.3836656,7.7987204,9.692209,12.966045,16.637268
22,Rearrangement,0.0,0.0,5.4585166,6.690963,8.100208,10.343335,14.051516,18.033321
22,Isotonic,0.0,0.0,5.4702077,6.695301,8.085654,10.351269,14.086521,18.038172
23,SQR,0.6535947712418301,2.547827959060669,5.329949,6.502978,7.8463607,11.295457,13.6859865,20.25854
23,RSQR,0.3800186741363212,1.2340179681777954,5.327325,6.562268,7.908504,10.2493725,13.78606,18.970118
23,MQR,0.09243697478991597,0.32958272099494934,5.282205,6.4433045,7.8138394,9.705782,12.909122,16.771816
23,RMQR,0.02707749766573296,0.4679156243801117,5.1819587,6.454514,7.891144,10.078265,13.584452,17.770782
23,PMQR,0.09430438842203548,0.19001245498657227,5.3439984,6.634845,8.248666,10.381318,14.045244,17.85186
23,RPMQR,0.06629318394024276,0.192859947681427,5.17814,6.3757668,8.048021,10.045563,13.615474,17.757223
23,Mono,0.0,0.0,5.700199,6.4986196,7.76585,9.86947,13.383422,17.27722
23,RMono,0.0,0.0,5.560359,6.4670186,7.889168,9.868462,13.399989,17.279661
23,NCMQR,0.0,0.0,5.2812777,6.5026946,7.97299,10.058483,13.641937,17.663755
23,RNCMQR,0.0,0.0,5.264765,6.4007053,7.8446255,9.810559,13.057638,16.950077
23,Rearrangement,0.0,0.0,5.2784157,6.4344583,7.8201084,9.708826,12.91214,16.764072
23,Isotonic,0.0,0.0,5.2804227,6.438918,7.8168173,9.707283,12.910458,16.7676
24,SQR,0.6582633053221288,3.480238437652588,5.808442,6.7168317,8.086114,10.572425,17.99928,18.294914
24,RSQR,0.7861811391223156,5.675751209259033,5.4433184,6.5693965,7.9876776,9.983282,21.640825,19.149595
24,MQR,0.3258636788048553,0.4798288345336914,5.221487,6.667576,7.807196,9.816864,12.940295,16.848429
24,RMQR,0.0765639589169001,0.35458314418792725,5.337104,6.5731845,8.132654,10.273867,13.862177,17.815842
24,PMQR,0.17180205415499533,0.2256566733121872,5.4010634,6.6972876,8.1924715,10.185662,13.840615,17.553377
24,RPMQR,0.04295051353874883,0.2021816521883011,5.5832396,6.9528723,8.408661,10.626476,14.406927,18.593088
24,Mono,0.0,0.0,5.7415013,6.602913,8.165732,9.91211,13.226389,16.949259
24,RMono,0.0,0.0,5.68755,6.569031,7.8737583,9.881805,13.278239,17.200514
24,NCMQR,0.0,0.0,5.4350266,6.5854383,8.011292,9.9317665,13.348696,17.058834
24,RNCMQR,0.0,0.0,5.2977924,6.381768,7.7848053,9.669198,12.64305,16.310547
24,Rearrangement,0.0,0.0,5.2096868,6.5958333,7.871071,9.817252,12.937116,16.85161
24,Isotonic,0.0,0.0,5.214901,6.6294327,7.837133,9.816948,12.938706,16.85002
25,SQR,0.5574229691876751,1.6179710626602173,5.4415565,6.573184,8.500952,10.471255,14.554948,17.592493
25,RSQR,0.4351073762838469,1.0693827867507935,5.454936,6.5647917,8.069859,10.234623,14.361988,19.060585
25,MQR,0.05322128851540616,1.9735218286514282,5.701986,6.8468623,8.349129,10.686406,14.303379,17.816986
25,RMQR,0.23716153127917833,0.6727480292320251,5.295933,6.3776045,7.837043,9.879309,13.254829,16.843199
25,PMQR,0.13632119514472454,0.28785839676856995,5.4397397,6.6777334,8.136625,10.209214,13.830008,18.039581
25,RPMQR,0.06629318394024276,0.15064586699008942,5.259615,6.4805965,7.9008026,10.033276,13.390854,17.14817
25,Mono,0.0,0.0,5.9126062,6.678475,7.9165483,10.279036,14.141622,17.675346
25,RMono,0.0,0.0,6.420888,7.1096063,8.229498,10.072003,14.082708,17.073101
25,NCMQR,0.0,0.0,5.678862,6.834369,8.318795,10.296275,13.691096,17.568693
25,RNCMQR,0.0,0.0,5.4925604,6.697532,8.198224,10.174587,13.498141,17.347696
25,Rearrangement,0.0,0.0,5.6970024,6.8500004,8.347549,10.688795,14.219997,17.8904
25,Isotonic,0.0,0.0,5.699282,6.848482,8.3480215,10.687601,14.261686,17.853695
26,SQR,0.3865546218487395,1.698309063911438,5.4394374,6.4339843,7.9693365,10.499677,13.994465,19.44475
26,RSQR,0.4341736694677871,1.676806926727295,5.38293,6.317107,7.742584,10.67276,13.294391,18.606731
26,MQR,0.0896358543417367,0.4239982068538666,5.351264,6.501436,7.920089,9.930663,13.318541,17.182077
26,RMQR,0.08776844070961717,0.33360618352890015,5.299752,6.407702,7.8647327,9.790776,13.08747,16.90098
26,PMQR,0.10830999066293184,0.25780776143074036,5.267056,6.433905,7.8427896,9.738089,12.927958,16.842682
26,RPMQR,0.011204481792717087,0.7557931542396545,5.219747,6.3722124,7.6822515,9.4932995,12.6171665,16.027613
26,Mono,0.0,0.0,5.940982,6.736072,7.9630175,10.139049,13.582937,17.784271
26,RMono,0.0,0.0,5.8520083,6.734437,8.041895,10.338812,13.834588,18.552195
26,NCMQR,0.0,0.0,5.379755,6.48479,7.9963117,9.948345,13.242296,16.913752
26,RNCMQR,0.0,0.0,5.2261653,6.310385,7.671254,9.551141,12.823968,16.461946
26,Rearrangement,0.0,0.0,5.3510623,6.4898944,7.9187884,9.930656,13.320377,17.176924
26,Isotonic,0.0,0.0,5.3511624,6.4977374,7.915566,9.930288,13.31946,17.1795
27,SQR,0.46591970121381887,1.5261098146438599,5.196247,6.846568,7.883953,10.092716,13.628231,18.863375
27,RSQR,0.4444444444444444,1.409450650215149,5.4131083,6.4688673,7.7205834,10.3766,13.670584,18.51221
27,MQR,0.3604108309990663,0.6111317276954651,5.785834,6.6702557,8.311345,10.640057,14.2722435,18.121433
27,RMQR,0.014939309056956116,0.1270425021648407,5.3273516,6.5227,7.9142976,9.942272,13.26936,16.92844
27,PMQR,0.06349206349206349,0.2692912518978119,5.4072766,6.5707145,8.055548,10.024,13.540648,17.077114
27,RPMQR,0.04295051353874883,0.4533740282058716,5.157545,6.417103,7.6599336,9.561285,12.973871,16.289125
27,Mono,0.0,0.0,6.317923,7.097933,8.262996,10.171699,13.615466,17.267391
27,RMono,0.0,0.0,6.3246093,6.9382358,8.091023,9.719693,13.666804,16.895113
27,NCMQR,0.0,0.0,5.6585054,6.741406,8.15867,10.0011835,13.244001,16.947618
27,RNCMQR,0.0,0.0,5.471734,6.6605687,8.114757,9.957757,13.243721,16.91062
27,Rearrangement,0.0,0.0,5.6813293,6.7537436,8.300277,10.647489,14.260997,18.127155
27,Isotonic,0.0,0.0,5.732133,6.71068,8.305218,10.643772,14.266621,18.124294
28,SQR,0.6489262371615313,1.5597050189971924,5.9161634,6.6775947,8.379894,11.332094,13.874013,20.000893
28,RSQR,0.6069094304388422,1.2353277206420898,5.702842,6.7160087,8.22797,10.273714,15.081027,18.745571
28,MQR,0.04481792717086835,0.2167125940322876,5.47443,6.6821985,8.299663,10.245327,13.768052,17.748426
28,RMQR,0.06535947712418301,0.6270740032196045,5.398106,6.7870355,8.184584,10.236171,13.60696,17.291677
28,PMQR,0.1223155929038282,0.27245548367500305,5.618047,6.883247,8.2904215,10.5168495,14.615671,18.853712
28,RPMQR,0.011204481792717087,0.15742816030979156,5.237199,6.4504066,7.843204,9.819077,13.141317,16.590364
28,Mono,0.0,0.0,6.7509036,7.5832515,9.035612,10.94869,14.632045,18.38681
28,RMono,0.0,0.0,5.638134,6.444337,7.6354184,9.89676,13.303967,16.417418
28,NCMQR,0.0,0.0,6.126979,7.351102,8.809997,10.942879,14.782146,18.851921
28,RNCMQR,0.0,0.0,5.778233,6.8647523,8.455543,10.583726,14.189677,17.864023
28,Rearrangement,0.0,0.0,5.474185,6.682444,8.296838,10.245833,13.772925,17.736464
28,Isotonic,0.0,0.0,5.474307,6.682321,8.29825,10.245566,13.770279,17.741821
29,SQR,0.7068160597572363,3.694164752960205,5.4125075,6.468328,8.160319,10.345804,17.12414,17.982767
29,RSQR,0.5873015873015873,1.5124577283859253,5.554168,6.4809093,7.9029236,10.126765,15.592725,18.20079
29,MQR,0.12044817927170869,0.3620799481868744,5.582712,6.9758515,8.2942095,10.533381,14.216306,17.45476
29,RMQR,0.01680672268907563,0.3495450019836426,5.2290483,6.3700995,7.7736692,9.765321,12.943759,16.32722
29,PMQR,0.13912231559290383,0.30568087100982666,5.2901406,6.3578773,7.8847265,9.778348,12.881513,16.152676
29,RPMQR,0.02054154995331466,0.12658604979515076,5.290253,6.4994473,7.892882,9.806603,13.04556,16.577196
29,Mono,0.0,0.0,5.647945,6.5780277,8.058098,10.079909,13.362816,16.532839
29,RMono,0.0,0.0,5.50307,6.4715347,7.9003787,9.877865,13.038077,16.55157
29,NCMQR,0.0,0.0,6.570175,7.81464,9.325784,11.501395,15.147017,19.100945
29,RNCMQR,0.0,0.0,6.3313093,7.4076753,8.842021,10.9279375,14.290771,17.736074
29,Rearrangement,0.0,0.0,5.583377,6.9588237,8.310393,10.525654,14.213365,17.432009
29,Isotonic,0.0,0.0,5.583044,6.9675603,8.301806,10.5275135,14.215201,17.444242
30,SQR,0.4715219421101774,1.255945086479187,5.4904184,6.7152963,8.2136,10.976801,15.141476,18.916716
30,RSQR,0.4024276377217554,1.2060269117355347,5.3003483,6.5246053,7.929084,10.0807295,14.714969,20.216415
30,MQR,0.10177404295051354,0.3084823489189148,5.449581,6.6293416,8.183244,10.236355,13.674669,17.238811
30,RMQR,0.009337068160597572,0.16081389784812927,5.168224,6.4292226,7.7915454,9.866787,12.818938,16.365566
30,PMQR,0.013071895424836602,0.1006961539387703,5.4867854,6.7474623,8.322556,10.265013,14.116969,17.805305
30,RPMQR,0.03454715219421102,0.2164623886346817,5.1780057,6.277937,7.6685834,9.610978,12.861228,16.331072
30,Mono,0.0,0.0,6.184031,6.862965,8.047744,10.332078,13.16845,16.83029
30,RMono,0.0,0.0,5.987649,6.7288523,8.01483,10.001057,13.63474,17.37558
30,NCMQR,0.0,0.0,5.678162,6.7946897,8.299832,10.173167,13.482398,17.37101
30,RNCMQR,0.0,0.0,5.491669,6.6344004,8.102338,10.044037,13.234697,17.161064
30,Rearrangement,0.0,0.0,5.441941,6.631755,8.181709,10.236651,13.675834,17.238811
30,Isotonic,0.0,0.0,5.4453273,6.6300073,8.182477,10.236504,13.675252,17.238811
31,SQR,0.6591970121381886,2.5644774436950684,5.4508247,6.672821,8.345311,10.785595,13.697711,18.789717
31,RSQR,0.673202614379085,1.3997102975845337,5.3732615,6.475379,7.8945484,10.9639845,14.089033,18.619118
31,MQR,0.20168067226890757,0.42944952845573425,5.577424,6.621628,8.328898,10.249103,13.693597,18.237928
31,RMQR,0.2530345471521942,0.37271004915237427,5.4574184,6.661133,7.958029,9.971174,13.515899,17.75951
31,PMQR,0.05695611577964519,0.561033308506012,5.4590783,6.6556473,8.0839615,9.963659,13.295141,16.431559
31,RPMQR,0.035480859010270774,0.24931181967258453,5.504596,6.6847596,8.084559,9.937933,13.577082,16.81672
31,Mono,0.0,0.0,6.8803654,7.4082026,8.540433,10.175852,14.090392,18.016924
31,RMono,0.0,0.0,6.5029273,7.3079,8.633276,10.393108,13.544936,17.326056
31,NCMQR,0.0,0.0,6.379539,7.0927873,8.73269,10.819856,13.998367,17.567154
31,RNCMQR,0.0,0.0,6.1984973,7.38486,8.751974,10.829302,14.611455,18.307755
31,Rearrangement,0.0,0.0,5.5484138,6.644266,8.310854,10.260287,13.693246,18.238415
31,Isotonic,0.0,0.0,5.5625544,6.632491,8.319804,10.254586,13.693421,18.23817
32,SQR,0.5256769374416433,1.2529925107955933,5.335429,6.573469,8.300008,10.404885,14.694053,17.587193
32,RSQR,0.5275443510737629,1.1400519609451294,5.3261147,6.502546,7.7392497,10.188971,14.8048,17.817556
32,MQR,0.06442577030812324,0.4509845972061157,5.305896,6.5450163,8.084902,10.0060625,13.496783,16.921268
32,RMQR,0.013071895424836602,0.8100640177726746,5.2933874,6.4754677,7.9565563,9.962046,13.347207,16.933813
32,PMQR,0.06349206349206349,0.38141971826553345,5.3874645,6.630473,8.212491,10.529272,14.365641,19.230162
32,RPMQR,0.02707749766573296,0.16974161565303802,5.3107405,6.5192943,8.027637,10.101954,13.637544,17.637629
32,Mono,0.0,0.0,5.541402,6.458162,7.8360724,9.76781,13.240355,16.634005
32,RMono,0.0,0.0,5.7380385,6.5659657,8.049686,10.018362,13.435567,16.94889
32,NCMQR,0.0,0.0,5.3420553,6.479108,7.9032526,9.93709,13.53834,16.850937
32,RNCMQR,0.0,0.0,5.387494,6.504162,7.8963604,9.7925005,12.769094,16.413452
32,Rearrangement,0.0,0.0,5.3047347,6.5445995,8.083029,9.995234,13.5041275,16.917429
32,Isotonic,0.0,0.0,5.305325,6.5447307,8.0841675,9.999955,13.500359,16.913279
33,SQR,0.7553688141923436,2.5847954750061035,5.315011,6.48478,7.877434,10.239428,18.318531,18.631456
33,RSQR,0.4388422035480859,1.6223102807998657,5.6451106,6.5870323,8.056181,10.154934,17.477423,27.612953
33,MQR,0.16339869281045752,0.34460726380348206,5.425841,6.5122447,8.038429,9.786205,13.244046,16.890482
33,RMQR,0.032679738562091505,0.3487835228443146,5.251349,6.4352818,7.8583364,9.820407,13.133321,16.731462
33,PMQR,0.05415499533146592,0.30327868461608887,5.2871284,6.471846,7.904419,10.026524,13.379356,17.44674
33,RPMQR,0.017740429505135387,0.1303316354751587,5.2257333,6.414528,7.777028,9.817707,13.156784,16.961897
33,Mono,0.0,0.0,5.60926,6.4588675,7.824258,9.776399,13.378239,17.235844
33,RMono,0.0,0.0,5.859527,6.629617,7.9593134,10.089181,13.792,17.714367
33,NCMQR,0.0,0.0,5.402867,6.550297,8.026419,9.883793,13.055736,16.590961
33,RNCMQR,0.0,0.0,5.2090907,6.338586,7.8160725,9.658974,13.004879,16.682238
33,Rearrangement,0.0,0.0,5.4214926,6.5143533,8.014118,9.80027,13.244029,16.890907
33,Isotonic,0.0,0.0,5.4236665,6.5137987,8.025054,9.793096,13.244037,16.890694
34,SQR,0.450046685340803,1.3501137495040894,5.329114,6.561209,7.821766,10.379101,15.181449,18.739536
34,RSQR,0.5518207282913166,1.3774750232696533,5.611709,6.391782,7.909353,9.838613,13.665827,18.648596
34,MQR,0.2903828197945845,0.4929947853088379,5.403056,6.4414496,8.031066,10.137168,13.467154,17.052664
34,RMQR,0.028944911297852476,0.48372673988342285,5.227344,6.341325,7.805718,9.698036,13.08146,16.751717
34,PMQR,0.047619047619047616,0.2714768648147583,5.578215,6.660031,8.087435,10.308646,13.709499,17.495996
34,RPMQR,0.03454715219421102,0.46486854553222656,5.190583,6.281043,7.5997286,9.451037,12.475023,15.9109
34,Mono,0.0,0.0,6.0504746,6.9820347,8.244626,10.279956,14.107411,18.912172
34,RMono,0.0,0.0,5.543493,6.4457088,7.870202,9.942232,13.151138,16.90674
34,NCMQR,0.0,0.0,5.635929,6.794928,8.302099,10.041204,13.309434,16.854269
34,RNCMQR,0.0,0.0,5.3086867,6.493116,7.906727,9.871385,13.00639,16.440918
34,Rearrangement,0.0,0.0,5.366711,6.4604754,8.029504,10.116688,13.46684,17.052872
34,Isotonic,0.0,0.0,5.3816237,6.445645,8.030865,10.124825,13.46705,17.052767
35,SQR,0.6218487394957983,1.8041086196899414,5.5726676,6.578344,8.488889,10.383146,15.550125,17.432665
35,RSQR,0.5294117647058824,1.8026458024978638,5.6053643,6.68044,8.075601,10.251313,16.126057,19.180809
35,MQR,0.17833800186741364,0.5510957837104797,5.5009437,6.6908545,8.057724,10.187095,13.830263,18.252
35,RMQR,0.09056956115779645,0.34902310371398926,5.2835245,6.494485,7.9207716,9.9695015,13.476609,17.258766
35,PMQR,0.058823529411764705,0.2972087562084198,5.3860044,6.5198245,7.8815093,9.984376,13.308791,17.3038
35,RPMQR,0.0009337068160597573,0.057961106300354004,5.303311,6.5120406,7.926963,9.9082775,13.268374,16.945211
35,Mono,0.0,0.0,6.0871816,6.8378315,8.216091,10.456355,13.961361,18.29981
35,RMono,0.0,0.0,5.7801976,6.6530027,7.953225,9.969034,13.730642,17.997242
35,NCMQR,0.0,0.0,5.7068486,6.8727403,8.40789,10.275749,13.780388,17.617931
35,RNCMQR,0.0,0.0,5.4893594,6.6131964,8.115572,9.964218,13.187759,17.019978
35,Rearrangement,0.0,0.0,5.4952765,6.663057,8.08423,10.185804,13.785706,18.295027
35,Isotonic,0.0,0.0,5.4982624,6.6769156,8.070047,10.186562,13.807984,18.273514
36,SQR,0.43790849673202614,1.8296560049057007,5.4288883,6.56887,8.092425,10.655258,14.748009,18.454632
36,RSQR,0.38935574229691877,0.9841506481170654,5.2732587,6.549063,7.820681,10.100817,15.451887,18.715132
36,MQR,0.09056956115779645,0.17059026658535004,5.482087,6.6587286,8.104732,10.250414,13.735595,17.379349
36,RMQR,0.06535947712418301,0.31626302003860474,5.2260013,6.416767,7.877863,9.942908,13.441423,16.906914
36,PMQR,0.059757236227824466,0.18591967225074768,5.2984643,6.4669356,7.990923,10.000987,13.359047,16.623835
36,RPMQR,0.059757236227824466,0.2321212887763977,5.394994,6.6344643,8.219119,10.130429,13.83731,17.370838
36,Mono,0.0,0.0,5.6987047,6.570405,7.912311,9.904461,13.093969,16.638449
36,RMono,0.0,0.0,5.7480006,6.5089397,7.7003074,9.52879,13.127541,16.657598
36,NCMQR,0.0,0.0,5.3058352,6.3978477,7.834623,9.663158,13.214026,16.646267
36,RNCMQR,0.0,0.0,5.3226,6.536197,7.9785976,9.8812,13.07114,16.756374
36,Rearrangement,0.0,0.0,5.4787383,6.6557984,8.109179,10.250648,13.734705,17.38024
36,Isotonic,0.0,0.0,5.480427,6.6571283,8.106901,10.25053,13.73515,17.379795
37,SQR,0.5873015873015873,1.9173226356506348,5.7207184,6.4675198,8.2259445,10.268115,14.937713,18.820225
37,RSQR,0.5051353874883286,1.3644802570343018,5.5660486,6.5951824,7.8414083,9.73235,14.350842,18.99367
37,MQR,0.14098972922502334,0.44552698731422424,5.5313525,6.7300806,8.183587,10.26765,13.997678,17.250065
37,RMQR,0.008403361344537815,0.23474274575710297,5.262399,6.5243363,7.963706,10.000321,13.220275,17.122993
37,PMQR,0.09056956115779645,0.2590837776660919,5.2964625,6.3653316,7.8756247,9.8065195,13.366182,16.622911
37,RPMQR,0.0392156862745098,0.13735832273960114,5.2695675,6.4829717,7.918007,9.731176,13.202927,16.667469
37,Mono,0.0,0.0,6.423092,7.2023883,8.492579,10.460746,13.81262,17.7034
37,RMono,0.0,0.0,5.653896,6.3918843,7.77405,9.711092,13.233825,16.626286
37,NCMQR,0.0,0.0,5.407488,6.5780807,8.074819,10.16254,13.584421,17.361128
37,RNCMQR,0.0,0.0,5.411699,6.5006037,7.8856125,9.745194,13.060046,16.453638
37,Rearrangement,0.0,0.0,5.530635,6.726429,8.184447,10.265366,13.981968,17.238588
37,Isotonic,0.0,0.0,5.5308347,6.727836,8.183724,10.266642,13.98557,17.23595
38,SQR,0.4369747899159664,1.8431432247161865,5.537229,6.693349,8.522705,10.891932,14.97901,20.104895
38,RSQR,0.49206349206349204,1.364396095275879,5.3708806,7.0480804,8.460073,10.596825,14.544709,18.548498
38,MQR,0.11951447245564893,0.42475858330726624,5.7735147,7.1488895,8.4944725,10.605343,14.791255,18.391699
38,RMQR,0.04108309990662932,0.13252966105937958,5.588896,6.898585,8.242891,10.327914,13.955969,17.447483
38,PMQR,0.09803921568627451,0.3434601426124573,5.569274,6.7201524,8.376123,10.504647,14.279211,17.952248
38,RPMQR,0.05322128851540616,0.24759359657764435,5.3465548,6.534937,8.006006,9.956629,13.299837,16.511564
38,Mono,0.0,0.0,6.610916,7.402549,8.895271,10.689459,13.878811,19.171043
38,RMono,0.0,0.0,6.076758,6.806507,8.107777,10.069281,13.451705,17.314697
38,NCMQR,0.0,0.0,6.489464,7.7958946,9.124229,11.199257,14.459257,18.623413
38,RNCMQR,0.0,0.0,5.6714926,6.8301706,8.330137,10.30271,13.84441,17.401932
38,Rearrangement,0.0,0.0,5.7735147,7.1322303,8.504054,10.609577,14.769911,18.413044
38,Isotonic,0.0,0.0,5.7735147,7.140495,8.499179,10.60746,14.780582,18.40237
39,SQR,0.4295051353874883,1.321898102760315,5.5253806,6.5884285,8.4193945,10.136448,15.25016,18.670595
39,RSQR,0.45284780578898226,1.2605329751968384,5.462068,6.7452316,8.296417,10.901663,13.8645935,18.306164
39,MQR,0.05415499533146592,0.7884424328804016,5.293399,6.5129533,7.8503523,9.845396,13.182305,16.89534
39,RMQR,0.03361344537815126,0.45651447772979736,5.4395947,6.562552,8.0462,10.008936,13.413693,17.254133
39,PMQR,0.04855275443510738,0.517879068851471,5.4456463,6.6409345,8.188429,10.251798,13.940435,18.233265
39,RPMQR,0.04855275443510738,0.29145070910453796,5.284148,6.4735713,7.9795814,9.921645,13.359024,17.046694
39,Mono,0.0,0.0,5.819197,6.7708063,8.360299,10.434749,13.860686,17.967108
39,RMono,0.0,0.0,5.9374013,6.6838684,7.8844275,9.904895,13.641985,17.41013
39,NCMQR,0.0,0.0,5.147628,6.257706,7.7577944,9.723915,13.01404,16.889439
39,RNCMQR,0.0,0.0,5.329393,6.529673,7.957171,9.906974,13.1903925,17.141123
39,Rearrangement,0.0,0.0,5.2902074,6.5121818,7.834641,9.841952,13.196707,16.894686
39,Isotonic,0.0,0.0,5.291753,6.5127163,7.844073,9.839169,13.191063,16.895012
40,SQR,0.30438842203548083,1.14535391330719,5.438723,6.586311,7.798583,10.026511,13.870113,17.980246
40,RSQR,0.4612511671335201,1.168608546257019,5.2930164,6.288763,7.897365,9.972936,14.68892,18.141289
40,MQR,0.06349206349206349,0.28855714201927185,5.242403,6.4267855,7.8314776,9.952886,13.172803,16.789001
40,RMQR,0.032679738562091505,0.27777299284935,5.231783,6.452935,7.8764515,9.936118,13.414157,17.0924
40,PMQR,0.025210084033613446,0.4368927478790283,5.3979692,6.524328,7.9099274,9.983043,13.367619,17.383186
40,RPMQR,0.012138188608776844,0.3201694190502167,5.3315344,6.4694695,7.8995233,9.978296,13.685521,17.21093
40,Mono,0.0,0.0,5.1038213,6.383086,7.79849,9.589639,12.678986,15.995778
40,RMono,0.0,0.0,5.330733,6.253766,7.7055798,9.563793,12.694472,16.397322
40,NCMQR,0.0,0.0,5.2068734,6.293995,7.6706495,9.730564,12.977224,16.829384
40,RNCMQR,0.0,0.0,5.2367516,6.381387,7.776567,9.792281,13.133834,17.00106
40,Rearrangement,0.0,0.0,5.2404795,6.4266686,7.8336873,9.94464,13.176414,16.78362
40,Isotonic,0.0,0.0,5.241398,6.426798,7.8320894,9.948059,13.174623,16.78631
41,SQR,0.5901027077497666,1.982747197151184,5.615495,6.6107316,8.4441805,10.363918,14.8976555,17.409973
41,RSQR,0.4369747899159664,1.4686496257781982,5.2255807,6.4223223,8.092764,10.126613,13.632711,18.812113
41,MQR,0.059757236227824466,0.3245394825935364,5.388512,6.4726954,7.9846396,9.805981,13.040845,16.58751
41,RMQR,0.09430438842203548,0.3520451784133911,5.2660546,6.367095,7.7354007,9.598497,13.158041,16.49153
41,PMQR,0.0896358543417367,0.4168860912322998,5.334192,6.5443263,7.97343,10.051846,13.828578,17.834742
41,RPMQR,0.04295051353874883,0.18910880386829376,5.2509704,6.4004283,7.773081,9.801242,13.059782,16.199282
41,Mono,0.0,0.0,5.9009824,6.6152263,7.8113565,9.66805,12.881451,16.195854
41,RMono,0.0,0.0,5.522007,6.380214,7.8676605,9.823223,13.332063,17.320597
41,NCMQR,0.0,0.0,5.9800143,6.9458046,8.468118,10.233815,13.3737335,17.089466
41,RNCMQR,0.0,0.0,5.393749,6.535945,8.037191,9.855324,12.935149,16.527063
41,Rearrangement,0.0,0.0,5.386209,6.4744396,7.983052,9.800884,13.039788,16.594828
41,Isotonic,0.0,0.0,5.3873606,6.4735675,7.984414,9.80287,13.040318,16.591167
42,SQR,0.4584500466853408,1.4872899055480957,5.2892947,6.527014,7.881349,11.223539,15.556169,20.354563
42,RSQR,0.5471521942110178,1.5902724266052246,5.1646233,6.687232,7.772637,10.480972,14.866397,17.904993
42,MQR,0.05695611577964519,0.6161375045776367,5.6815953,6.803068,8.2934265,10.328717,13.915443,17.343325
42,RMQR,0.25583566760037346,0.662190318107605,5.412453,6.4465957,8.052261,9.942381,13.35537,17.207691
42,PMQR,0.08683473389355742,0.34672898054122925,5.3989396,6.5062866,7.868565,9.973233,13.067,16.580536
42,RPMQR,0.032679738562091505,0.14097969233989716,5.249405,6.3753166,7.7742352,9.598711,12.658271,16.148664
42,Mono,0.0,0.0,5.7117066,6.658804,7.9076514,9.867593,13.393409,16.459873
42,RMono,0.0,0.0,5.4855413,6.3519073,7.6722436,9.572331,12.84473,16.484264
42,NCMQR,0.0,0.0,5.8665314,6.883145,8.494686,10.521368,13.659812,17.140352
42,RNCMQR,0.0,0.0,6.094871,7.341257,8.811234,10.608065,13.934968,17.151901
42,Rearrangement,0.0,0.0,5.680969,6.798775,8.298714,10.327211,13.891607,17.363417
42,Isotonic,0.0,0.0,5.681282,6.800803,8.29591,10.327964,13.903524,17.35337
43,SQR,0.5443510737628384,1.3046526908874512,5.418774,6.3412023,7.838776,9.877593,15.057767,17.534435
43,RSQR,0.3828197945845005,1.1155743598937988,5.532353,6.385475,7.8801446,10.484864,14.107085,17.79759
43,MQR,0.06442577030812324,0.28785982728004456,5.370552,6.5164757,7.903168,10.015638,13.346719,16.58274
43,RMQR,0.06722689075630252,0.4138396084308624,5.2566166,6.4773464,7.8744674,9.888421,13.3852,17.000364
43,PMQR,0.17273576097105509,0.40971043705940247,5.845854,7.4781256,9.578704,11.379544,15.819423,21.737417
43,RPMQR,0.021475256769374416,0.15572158992290497,5.2202563,6.356163,7.7483506,9.738548,12.994471,16.748545
43,Mono,0.0,0.0,5.6462727,6.4215503,7.74115,9.807787,13.240468,17.15635
43,RMono,0.0,0.0,6.185719,6.6966715,7.870826,10.025465,12.93268,16.962303
43,NCMQR,0.0,0.0,5.2408357,6.3813066,7.827876,9.754917,12.9310465,16.523924
43,RNCMQR,0.0,0.0,5.176809,6.323667,7.710169,9.706432,12.842765,16.121952
43,Rearrangement,0.0,0.0,5.3707023,6.5136595,7.904008,10.021277,13.317642,16.58274
43,Isotonic,0.0,0.0,5.370627,6.5147414,7.901898,10.0178795,13.327753,16.58274
44,SQR,0.47992530345471524,2.598615884780884,5.439331,6.592428,8.175875,10.126435,15.27913,17.997612
44,RSQR,0.44724556489262374,1.5786188840866089,5.2533636,6.465662,8.186715,10.765397,15.433955,18.94142
44,MQR,0.0896358543417367,0.3159275949001312,5.3717003,6.529424,7.9878983,10.040792,13.485879,17.021252
44,RMQR,0.04388422035480859,0.11838740855455399,5.3564067,6.505233,7.996339,9.925619,13.369617,17.160475
44,PMQR,0.1092436974789916,0.2575509548187256,5.3838296,6.6007075,8.158061,10.15798,13.820879,17.931688
44,RPMQR,0.06069094304388422,0.34969958662986755,5.4765167,6.6522713,8.223193,10.235127,14.037671,17.905155
44,Mono,0.0,0.0,5.759574,6.7080555,7.854956,9.802572,13.395026,17.3053
44,RMono,0.0,0.0,5.72846,6.5338445,7.8467207,9.87047,13.503376,17.247646
44,NCMQR,0.0,0.0,5.5503826,6.7429676,8.255076,10.267593,13.568991,17.45608
44,RNCMQR,0.0,0.0,5.380857,6.507529,7.99029,9.863434,13.149339,16.925354
44,Rearrangement,0.0,0.0,5.359182,6.54081,7.986151,10.037658,13.494291,17.004997
44,Isotonic,0.0,0.0,5.3651633,6.534747,7.987127,10.039225,13.490086,17.013123
45,SQR,0.5929038281979458,2.0609700679779053,5.461632,6.9667053,8.392398,11.260061,14.081611,18.707827
45,RSQR,0.4332399626517274,1.2363457679748535,5.465253,6.862138,7.964065,9.936924,13.744487,18.712902
45,MQR,0.05415499533146592,0.3178406059741974,5.982385,7.580196,9.35433,11.248344,14.809465,19.028774
45,RMQR,0.03454715219421102,0.20135055482387543,5.41203,6.6188045,8.179628,10.335547,13.68972,17.351665
45,PMQR,0.04668534080298786,0.1609647423028946,5.749143,7.1671352,8.620727,10.815449,14.591075,18.350052
45,RPMQR,0.032679738562091505,0.1545218676328659,5.3154182,6.4553757,7.9205027,9.870908,13.502329,16.48902
45,Mono,0.0,0.0,5.68571,6.5472093,7.873089,9.823073,13.603678,17.254242
45,RMono,0.0,0.0,6.076952,6.822521,8.092608,10.439235,14.072775,17.952288
45,NCMQR,0.0,0.0,5.9428024,7.2666245,8.598146,10.701456,14.272452,17.725607
45,RNCMQR,0.0,0.0,5.8426995,6.9539433,8.445231,10.334673,13.676066,17.21361
45,Rearrangement,0.0,0.0,5.982664,7.5777926,9.349848,11.251475,14.807652,19.028774
45,Isotonic,0.0,0.0,5.9824224,7.5788674,9.351006,11.248284,14.808559,19.028774
46,SQR,0.3800186741363212,1.1649249792099,5.3256717,6.4486356,8.0248375,10.115336,14.623784,18.340292
46,RSQR,0.44351073762838467,1.1261217594146729,5.42519,6.9021974,7.826792,10.052242,14.076838,19.37693
46,MQR,0.05042016806722689,0.4968913495540619,5.4509587,6.7642307,8.373672,10.760259,14.643841,19.106367
46,RMQR,0.02334267040149393,0.2036997377872467,5.373585,6.6333914,8.189707,10.402646,14.261212,18.395775
46,PMQR,0.04108309990662932,0.20979620516300201,5.5268903,6.8985023,8.609627,10.748794,14.923547,19.326357
46,RPMQR,0.018674136321195144,0.1977541446685791,5.341273,6.6383963,8.122633,10.39127,14.07632,18.329659
46,Mono,0.0,0.0,6.0492487,6.838935,8.0100765,10.837728,13.431471,17.745823
46,RMono,0.0,0.0,5.5546,6.4322968,7.9098325,9.971953,13.631112,17.802649
46,NCMQR,0.0,0.0,5.2796316,6.402786,7.833439,9.675719,12.87822,16.445383
46,RNCMQR,0.0,0.0,5.2723284,6.3960686,7.836386,9.822661,13.228254,17.127085
46,Rearrangement,0.0,0.0,5.4500875,6.764178,8.375656,10.744413,14.646485,19.106367
46,Isotonic,0.0,0.0,5.4503355,6.76362,8.374813,10.751608,14.644946,19.106367
47,SQR,0.4827264239028945,1.4264484643936157,5.3954444,6.502319,7.8517365,10.049603,13.489877,18.661276
47,RSQR,0.5742296918767507,1.2998076677322388,5.3606696,6.6734195,7.8332987,10.212135,14.653009,18.24758
47,MQR,0.11671335200746966,0.5964271426200867,5.270484,6.4625206,7.835404,9.9630165,13.209503,16.62664
47,RMQR,0.11484593837535013,0.2785855829715729,5.214446,6.378918,7.738244,9.698221,12.969072,16.534286
47,PMQR,0.11671335200746966,0.4912642240524292,5.360606,6.5458035,8.024481,10.148468,13.602761,16.96875
47,RPMQR,0.04948646125116713,0.12180063873529434,5.226127,6.4135575,7.8175836,9.81103,13.161689,16.862581
47,Mono,0.0,0.0,5.663508,6.568071,7.960704,9.859821,13.435409,17.165785
47,RMono,0.0,0.0,5.6998487,6.499358,7.7334104,9.673049,12.900708,16.675947
47,NCMQR,0.0,0.0,5.3865113,6.510788,7.944325,9.91187,13.325881,16.763521
47,RNCMQR,0.0,0.0,5.2026935,6.328345,7.7708607,9.711492,13.114767,16.796314
47,Rearrangement,0.0,0.0,5.265255,6.4628444,7.8353395,9.953056,13.184768,16.65146
47,Isotonic,0.0,0.0,5.267334,6.4620132,7.835372,9.963067,13.192067,16.639084
48,SQR,0.40896358543417366,1.3809289932250977,5.4538097,6.6166363,8.055983,10.17043,14.423052,17.751781
48,RSQR,0.4603174603174603,1.2679494619369507,5.4262776,6.7202187,8.68617,10.369089,13.903359,19.178871
48,MQR,0.09523809523809523,0.2088356912136078,5.3069286,6.4527707,8.0134115,9.92822,13.477601,16.863598
48,RMQR,0.11858076563958916,0.4016171395778656,5.2560706,6.461965,7.8950143,9.852441,13.134337,17.152073
48,PMQR,0.059757236227824466,0.29809272289276123,5.308039,6.4928355,7.93072,9.929726,13.33982,16.681238
48,RPMQR,0.026143790849673203,0.15197065472602844,5.1703396,6.3423576,7.720758,9.654948,13.007552,16.607279
48,Mono,0.0,0.0,6.1168447,6.809242,8.095855,10.226564,13.577848,17.548246
48,RMono,0.0,0.0,6.5852194,7.335999,8.692414,10.7680435,14.689325,18.323967
48,NCMQR,0.0,0.0,5.4029794,6.5271735,7.926031,9.907692,13.208552,17.219671
48,RNCMQR,0.0,0.0,5.4079504,6.5605307,8.041359,10.068709,13.2975,17.338858
48,Rearrangement,0.0,0.0,5.3057365,6.4526615,8.01167,9.927633,13.478753,16.854202
48,Isotonic,0.0,0.0,5.3063326,6.452716,8.01254,9.927927,13.478177,16.8589
49,SQR,0.488328664799253,1.2319122552871704,5.549025,6.6581297,8.47993,10.549845,15.30798,18.095905
49,RSQR,0.707749766573296,1.7626605033874512,5.49822,6.6102686,8.816125,9.977975,16.416435,17.59312
49,MQR,0.03734827264239029,0.43675413727760315,5.2939596,6.4913397,7.9930253,10.105483,13.73299,17.150629
49,RMQR,0.014939309056956116,0.14337313175201416,5.4041247,6.656735,8.218353,10.44389,14.517235,18.597755
49,PMQR,0.015873015873015872,0.6367117762565613,5.8986654,7.3089247,9.068494,11.345736,16.01349,20.668465
49,RPMQR,0.03734827264239029,0.18633462488651276,5.3820677,6.6207232,8.1726675,10.39434,13.935708,17.83839
49,Mono,0.0,0.0,5.9538617,6.652328,8.127613,10.429257,13.98667,18.25375
49,RMono,0.0,0.0,6.1065345,6.6512494,8.021399,10.07824,13.710414,17.410982
49,NCMQR,0.0,0.0,5.179724,6.3383045,7.720614,9.694845,12.842821,16.816267
49,RNCMQR,0.0,0.0,5.1341486,6.282107,7.6852,9.615002,12.88812,16.59609
49,Rearrangement,0.0,0.0,5.2930636,6.490328,7.9941506,10.104553,13.722808,17.158548
49,Isotonic,0.0,0.0,5.2935085,6.4912734,7.993152,10.104799,13.727461,17.154589
